<?xml version="1.0" encoding="UTF-8"?><rss version="2.0"
	xmlns:content="http://purl.org/rss/1.0/modules/content/"
	xmlns:dc="http://purl.org/dc/elements/1.1/"
	xmlns:atom="http://www.w3.org/2005/Atom"
	xmlns:sy="http://purl.org/rss/1.0/modules/syndication/"
	
	>
<channel>
	<title>
	Commenti a: Olio extravergine di oliva biologico	</title>
	<atom:link href="http://localhost/sito.bio/2023/03/10/olio-extravergine-di-oliva-biologico/feed/?simply_static_page=119" rel="self" type="application/rss+xml" />
	<link>/2023/03/10/olio-extravergine-di-oliva-biologico/</link>
	<description>Bio e Buono per te</description>
	<lastBuildDate>Fri, 10 Mar 2023 14:16:17 +0000</lastBuildDate>
	<sy:updatePeriod>
	hourly	</sy:updatePeriod>
	<sy:updateFrequency>
	1	</sy:updateFrequency>
	<generator>https://wordpress.org/?v=6.1.1</generator>
</channel>
</rss>
